Model,MAE,RMSE,MAPE (%),SMAPE (%),R2
SARIMA,46.00523366758389,58.964191814407464,100.02605933636983,199.92123038002478,-1.556092795397816
TCN,10.548705836764942,15.755058563608578,65.09004442085258,29.77728617987379,0.817509626817231
PSO-TCN,10.109254765246348,15.243843681342826,52.82605380629531,27.53637581503344,0.829160265088337
GA-TCN,10.005013995402422,14.786423524843572,60.128769153806985,28.550111372437286,0.8392591729589165
